2.012600,-0.755370,3.000000
2.012900,-0.755250,3.000000
2.012900,-0.755300,2.000000
2.012500,-0.755690,1.000000
2.005900,0.244630,3.000000
2.005800,0.244430,2.000000
2.019600,-1.755400,1.000000
0.999080,1.237800,3.000000
0.999010,1.237700,3.000000
0.999110,1.237800,2.000000
0.999030,1.237700,1.000000
1.998900,1.244400,2.000000
1.999000,1.244600,1.000000
1.999000,1.244600,1.000000
1.999000,1.244600,1.000000
1.998900,1.244500,0.000000
-3.000900,1.210200,3.000000
-3.000900,1.210100,2.000000
-3.001000,1.210100,1.000000
-3.000800,1.210200,1.000000
-3.000800,1.210300,1.000000
2.005900,0.244630,3.000000
2.005700,0.244330,2.000000
2.005800,0.244480,2.000000
2.006000,0.244670,1.000000
2.019500,-1.755400,3.000000
2.019500,-1.755400,3.000000
2.019500,-1.755400,3.000000
2.019500,-1.755400,1.000000
2.013000,-0.755110,3.000000
2.012800,-0.755330,3.000000
2.013000,-0.755160,3.000000
2.012800,-0.755360,2.000000
2.019400,-1.755400,3.000000
2.019600,-1.755300,3.000000
2.019500,-1.755400,2.000000
2.019500,-1.755500,1.000000
2.019400,-1.755500,1.000000
2.006000,0.244630,3.000000
2.005900,0.244600,3.000000
2.006100,0.244750,3.000000
2.005900,0.244620,0.000000
2.019500,-1.755400,3.000000
2.019500,-1.755400,3.000000
2.019500,-1.755500,3.000000
2.019600,-1.755400,2.000000
2.019700,-1.755300,2.000000
2.019700,-1.755300,1.000000
2.019800,-1.755200,0.000000
1.998800,1.244500,3.000000
1.998800,1.244400,3.000000
1.998900,1.244500,3.000000
1.999000,1.244500,2.000000
1.999000,1.244500,1.000000
1.998900,1.244500,1.000000
1.999000,1.244500,1.000000
1.998800,1.244500,1.000000
2.019700,-1.755300,3.000000
2.019700,-1.755300,3.000000
2.019700,-1.755400,2.000000
2.019900,-1.755200,1.000000
2.019500,-1.755400,1.000000
2.019500,-1.755500,3.000000
2.019500,-1.755500,3.000000
2.019500,-1.755400,3.000000
2.019700,-1.755300,3.000000
2.019600,-1.755400,2.000000
2.019500,-1.755400,2.000000
2.019300,-1.755600,2.000000
2.019600,-1.755300,1.000000
-1.000900,1.223900,3.000000
-1.001000,1.223900,2.000000
-1.000900,1.223900,2.000000
-1.000800,1.224100,1.000000
-1.000900,1.223900,1.000000
1.999200,1.244700,3.000000
1.998900,1.244500,3.000000
1.999000,1.244600,3.000000
1.999000,1.244600,1.000000
1.998900,1.244400,1.000000
1.999000,1.244600,3.000000
1.998700,1.244400,3.000000
1.998900,1.244500,3.000000
0.019548,-1.769200,3.000000
0.019596,-1.769100,3.000000
-0.980320,-1.776000,3.000000
-0.980220,-1.775900,3.000000
-0.980210,-1.775900,3.000000
-0.980430,-1.776000,1.000000
1.999300,1.244700,3.000000
1.998800,1.244400,3.000000
1.999300,1.244800,2.000000
1.999000,1.244500,1.000000
1.999300,1.244800,1.000000
1.999100,1.244700,1.000000
-0.980220,-1.775900,3.000000
-0.979960,-1.775700,3.000000
-0.980180,-1.775800,2.000000
-0.980180,-1.775800,2.000000
-0.980140,-1.775800,1.000000
2.019600,-1.755300,3.000000
2.019500,-1.755400,3.000000
2.019600,-1.755300,3.000000
2.019700,-1.755400,3.000000
-3.001000,1.210100,3.000000
-3.000900,1.210200,3.000000
-3.000700,1.210400,2.000000
-3.000900,1.210300,1.000000
-3.000700,1.210400,1.000000
-3.000800,1.210400,0.000000
1.999000,1.244600,3.000000
1.998900,1.244400,3.000000
1.999000,1.244600,2.000000
1.999000,1.244500,2.000000
1.999000,1.244600,1.000000
1.998900,1.244400,1.000000
1.999100,1.244600,3.000000
1.999000,1.244600,3.000000
1.999000,1.244600,2.000000
1.998900,1.244400,2.000000
1.999100,1.244500,1.000000
1.999300,1.244800,1.000000
1.998900,1.244300,1.000000
1.999100,1.244700,0.000000
2.006100,0.244740,3.000000
2.005500,0.244280,3.000000
2.005900,0.244630,3.000000
2.005900,0.244660,2.000000
-3.000800,1.210300,3.000000
-3.000700,1.210300,2.000000
-3.000800,1.210300,2.000000
-3.000900,1.210300,1.000000
-0.980230,-1.775900,3.000000
-0.980380,-1.776000,2.000000
-0.980330,-1.776000,1.000000
-0.980230,-1.775800,1.000000
-2.980200,-1.789700,3.000000
-2.980000,-1.789400,2.000000
-2.980200,-1.789600,2.000000
-2.980200,-1.789600,1.000000
2.006000,0.244730,3.000000
2.005800,0.244520,3.000000
2.006000,0.244670,2.000000
2.005700,0.244440,2.000000
2.019500,-1.755400,3.000000
2.019500,-1.755400,3.000000
2.019600,-1.755400,1.000000
2.019400,-1.755500,3.000000
2.019700,-1.755300,1.000000
2.019500,-1.755500,1.000000
1.999100,1.244700,3.000000
1.999300,1.244800,2.000000
1.999100,1.244600,2.000000
1.999300,1.244800,1.000000
1.999000,1.244600,1.000000
0.013232,-0.768700,3.000000
0.012925,-0.769000,3.000000
0.012884,-0.768900,2.000000
0.012830,-0.769090,1.000000
2.019700,-1.755300,3.000000
2.019700,-1.755300,3.000000
2.019700,-1.755300,3.000000
2.019700,-1.755300,3.000000
2.019500,-1.755400,2.000000
2.019600,-1.755400,2.000000
2.019600,-1.755300,1.000000
2.019400,-1.755600,1.000000
-0.000919,1.230800,3.000000
-0.000852,1.231000,3.000000
-0.000920,1.230800,2.000000
1.998900,1.244500,2.000000
1.998900,1.244600,1.000000
1.998900,1.244500,1.000000
1.999000,1.244500,1.000000
-0.980400,-1.776000,3.000000
-0.980260,-1.775900,1.000000
-0.980470,-1.776100,1.000000
2.019700,-1.755400,3.000000
2.019500,-1.755500,3.000000
2.019600,-1.755300,3.000000
2.019600,-1.755400,3.000000
2.019700,-1.755300,1.000000
-1.001000,1.223900,3.000000
-1.000900,1.223900,2.000000
-1.000900,1.224000,1.000000
-0.980290,-1.775900,3.000000
-0.980340,-1.776000,3.000000
-0.980300,-1.776000,2.000000
-0.980220,-1.775800,1.000000
2.019700,-1.755300,3.000000
2.019500,-1.755400,3.000000
2.019600,-1.755300,3.000000
2.019700,-1.755300,3.000000
2.019700,-1.755200,0.000000
1.999500,1.244900,3.000000
1.999200,1.244700,3.000000
1.999300,1.244800,1.000000
1.999200,1.244700,1.000000
1.999200,1.244700,0.000000
1.999000,1.244600,3.000000
1.999100,1.244700,3.000000
1.999000,1.244500,3.000000
1.998900,1.244400,2.000000
1.999100,1.244700,1.000000
-2.980300,-1.789700,3.000000
-2.980400,-1.789800,3.000000
-2.980200,-1.789600,3.000000
-2.980600,-1.790000,3.000000
-2.980400,-1.789800,2.000000
-2.980300,-1.789800,1.000000
2.012700,-0.755380,3.000000
2.012800,-0.755360,2.000000
2.012900,-0.755200,1.000000
2.012800,-0.755360,0.000000
2.019800,-1.755200,3.000000
2.019600,-1.755300,3.000000
2.019700,-1.755300,2.000000
2.019900,-1.755100,2.000000
2.019700,-1.755300,1.000000
1.999100,1.244700,3.000000
1.999000,1.244600,1.000000
1.999000,1.244600,1.000000
1.999100,1.244600,1.000000
2.019500,-1.755400,3.000000
2.019500,-1.755500,3.000000
2.019400,-1.755600,3.000000
2.019500,-1.755500,3.000000
2.019500,-1.755500,3.000000
2.019600,-1.755300,1.000000
2.019500,-1.755500,1.000000
-3.000900,1.210200,3.000000
-3.000900,1.210200,3.000000
-3.000800,1.210300,2.000000
-3.000900,1.210200,1.000000
-0.980320,-1.775900,3.000000
-0.980440,-1.776000,3.000000
-0.980350,-1.776000,2.000000
-0.980230,-1.775800,1.000000
-2.980200,-1.789600,3.000000
-2.980200,-1.789600,2.000000
-2.980300,-1.789800,2.000000
-2.980200,-1.789700,1.000000
2.005800,0.244490,3.000000
2.006000,0.244750,3.000000
2.006000,0.244690,3.000000
2.005800,0.244640,2.000000
2.005800,0.244550,1.000000
-2.000800,1.217200,3.000000
-2.001000,1.217000,3.000000
-2.001000,1.217000,2.000000
-2.000500,1.217300,1.000000
2.005900,0.244600,3.000000
2.006000,0.244760,3.000000
2.005800,0.244470,2.000000
1.999200,1.244700,3.000000
1.999100,1.244600,2.000000
1.999200,1.244700,2.000000
1.999000,1.244600,1.000000
-1.001000,1.223900,3.000000
-1.001000,1.223800,3.000000
-1.001000,1.223900,3.000000
-1.001000,1.224000,1.000000
-1.001000,1.223900,1.000000
2.012900,-0.755240,3.000000
2.012600,-0.755510,3.000000
2.012800,-0.755260,3.000000
2.012800,-0.755380,2.000000
2.012600,-0.755480,1.000000
2.019700,-1.755200,3.000000
2.019500,-1.755500,3.000000
2.019800,-1.755300,2.000000
-3.000800,1.210300,3.000000
-3.001100,1.210100,3.000000
-3.000900,1.210300,1.000000
-3.000900,1.210300,0.000000
-2.000900,1.217100,3.000000
-2.001100,1.217000,3.000000
-2.001000,1.217000,2.000000
-2.000900,1.217100,2.000000
2.006200,0.244910,3.000000
2.005900,0.244660,3.000000
2.006000,0.244770,3.000000
2.006000,0.244820,0.000000
2.006000,0.244840,0.000000
2.012800,-0.755220,3.000000
2.012900,-0.755310,3.000000
2.012800,-0.755280,3.000000
2.012700,-0.755390,3.000000
2.012900,-0.755250,0.000000
-1.980400,-1.782900,3.000000
-1.980500,-1.783000,2.000000
-1.980300,-1.782900,1.000000
-1.980200,-1.782800,1.000000
2.019700,-1.755300,3.000000
2.020100,-1.755000,2.000000
2.019700,-1.755300,1.000000
-0.980310,-1.775900,3.000000
-0.980320,-1.776000,3.000000
-0.980310,-1.776000,3.000000
-0.980140,-1.775800,1.000000
-0.980200,-1.775900,1.000000
2.019900,-1.755100,3.000000
2.019800,-1.755200,3.000000
2.019700,-1.755200,3.000000
2.019800,-1.755100,3.000000
2.019900,-1.755100,1.000000
2.019700,-1.755300,0.000000
-1.000900,1.224000,3.000000
-1.000800,1.224000,3.000000
-1.000800,1.224100,2.000000
-0.980630,-1.776300,3.000000
-0.980330,-1.775900,2.000000
-0.980240,-1.775900,2.000000
0.999090,1.237800,3.000000
0.998980,1.237700,3.000000
0.998960,1.237600,3.000000
0.999060,1.237800,0.000000
-2.980400,-1.789700,3.000000
-2.980200,-1.789700,3.000000
-2.980300,-1.789600,3.000000
-2.980200,-1.789600,2.000000
1.999100,1.244700,3.000000
1.999000,1.244600,3.000000
1.999200,1.244700,3.000000
1.999100,1.244600,2.000000
-2.001000,1.216900,3.000000
-2.000900,1.217100,3.000000
1.998900,1.244400,3.000000
1.999000,1.244600,3.000000
1.999000,1.244600,1.000000
1.999000,1.244600,1.000000
1.999300,1.244900,3.000000
1.999100,1.244600,3.000000
1.999300,1.244800,3.000000
1.999300,1.244800,1.000000
1.999100,1.244700,0.000000
0.020053,-1.768700,3.000000
0.019961,-1.768800,3.000000
0.019991,-1.768800,1.000000
1.998800,1.244400,3.000000
1.999000,1.244500,3.000000
1.999000,1.244500,3.000000
1.999100,1.244500,2.000000
1.999000,1.244500,1.000000
1.999400,1.245000,3.000000
1.999200,1.244700,3.000000
1.999100,1.244600,3.000000
1.999100,1.244700,3.000000
1.999200,1.244800,2.000000
1.999200,1.244700,2.000000
1.999200,1.244700,1.000000
1.999500,1.245000,0.000000
1.998900,1.244500,0.000000
2.019800,-1.755100,3.000000
2.019800,-1.755200,3.000000
2.019700,-1.755300,3.000000
2.019600,-1.755400,2.000000
-2.001000,1.217100,3.000000
-2.000900,1.217100,3.000000
-2.001100,1.216900,3.000000
-2.001000,1.217000,2.000000
-2.980300,-1.789700,3.000000
-2.980300,-1.789700,3.000000
-0.000802,1.231000,3.000000
-0.000785,1.230900,3.000000
-0.000951,1.230800,3.000000
-1.000900,1.223900,3.000000
-1.000900,1.224000,1.000000
-1.000800,1.224000,1.000000
-1.000800,1.224100,1.000000
-0.980340,-1.775900,3.000000
-0.980310,-1.776000,2.000000
-0.980360,-1.776000,1.000000
-2.000700,1.217300,3.000000
-2.000800,1.217100,2.000000
-2.000700,1.217300,1.000000
0.019664,-1.769000,3.000000
0.019619,-1.769200,2.000000
0.019755,-1.769100,2.000000
0.019592,-1.769100,1.000000
-0.000989,1.230800,3.000000
-0.000947,1.230800,3.000000
-0.000886,1.230900,2.000000
-0.000874,1.230900,2.000000
-0.000946,1.230700,1.000000
-0.000752,1.231000,0.000000
-0.980470,-1.776100,3.000000
-0.980420,-1.776000,3.000000
-0.980410,-1.776000,3.000000
-0.980280,-1.775900,3.000000
-0.980520,-1.776100,2.000000
-1.980200,-1.782600,3.000000
-1.980300,-1.782800,3.000000
-1.980400,-1.782900,2.000000
-1.001000,1.224000,3.000000
-1.001100,1.223700,2.000000
-1.000800,1.224000,1.000000
-1.001100,1.223800,1.000000
1.999300,1.244800,3.000000
1.999200,1.244700,1.000000
1.999100,1.244600,0.000000
1.999000,1.244600,3.000000
1.999100,1.244600,3.000000
1.999200,1.244700,2.000000
1.999100,1.244600,1.000000
1.999200,1.244600,1.000000
-2.000900,1.217100,3.000000
-2.000900,1.217100,3.000000
-2.001000,1.217000,3.000000
-2.000700,1.217200,2.000000
-2.000800,1.217200,1.000000
-2.980200,-1.789600,3.000000
-2.980500,-1.789900,3.000000
-2.980300,-1.789700,2.000000
-2.980400,-1.789700,1.000000
-3.007600,2.210400,3.000000
-3.007700,2.210300,3.000000
-3.007700,2.210200,3.000000
-3.007400,2.210600,1.000000
2.019700,-1.755200,3.000000
2.019700,-1.755300,3.000000
2.019800,-1.755200,3.000000
2.019700,-1.755300,1.000000
2.019500,-1.755400,0.000000
-3.001100,1.210100,3.000000
-3.001000,1.210100,3.000000
-3.000900,1.210300,1.000000
-0.980420,-1.776000,3.000000
-0.980310,-1.775900,3.000000
-0.980300,-1.775900,3.000000
-0.980220,-1.775900,3.000000
-0.980340,-1.776000,2.000000
-0.980160,-1.775800,2.000000
-0.980470,-1.776100,2.000000
-0.980300,-1.776000,0.000000
-3.000900,1.210200,3.000000
-3.000800,1.210300,3.000000
-3.000800,1.210300,3.000000
-3.000900,1.210100,2.000000
-3.000900,1.210200,1.000000
-0.980360,-1.776000,3.000000
-0.980130,-1.775800,3.000000
-0.980390,-1.776000,1.000000
-0.980090,-1.775800,1.000000
-0.980080,-1.775800,3.000000
-0.980230,-1.775900,3.000000
-0.980070,-1.775800,1.000000
-0.980230,-1.775900,1.000000
-0.980090,-1.775800,0.000000
-1.980100,-1.782700,3.000000
-1.980300,-1.782800,3.000000
-1.980500,-1.783100,2.000000
-1.980100,-1.782700,2.000000
-1.980000,-1.782600,1.000000
-1.980100,-1.782800,0.000000
-2.980400,-1.789800,3.000000
-2.980300,-1.789700,3.000000
-2.980500,-1.789900,2.000000
-2.980300,-1.789700,2.000000
-2.980300,-1.789700,1.000000
-2.980300,-1.789800,1.000000
-2.980100,-1.789600,3.000000
-2.980100,-1.789600,2.000000
-2.980300,-1.789800,1.000000
-2.980100,-1.789500,1.000000
0.999100,1.237800,3.000000
0.998680,1.237400,2.000000
0.999200,1.237900,2.000000
0.999280,1.238000,1.000000
0.999200,1.237900,0.000000
0.999210,1.237900,0.000000
-1.000900,1.224000,3.000000
-1.000800,1.224000,3.000000
-1.001000,1.223900,2.000000
-1.000900,1.224000,2.000000
-1.000700,1.224200,1.000000
-1.000900,1.223900,1.000000
-1.000900,1.224000,0.000000
-0.001006,1.230800,3.000000
-0.000805,1.231000,3.000000
-0.000770,1.231000,2.000000
-0.001014,1.230800,1.000000
-3.001000,1.210100,3.000000
-3.000800,1.210300,3.000000
-3.000900,1.210300,2.000000
-2.000900,1.217100,3.000000
-2.001100,1.217000,3.000000
-2.000900,1.217100,3.000000
-2.000700,1.217200,3.000000
-2.000900,1.217100,2.000000
-2.001000,1.217100,2.000000
-2.000900,1.217100,1.000000
1.999200,1.244800,3.000000
1.999100,1.244600,3.000000
1.999200,1.244800,2.000000
1.998900,1.244500,1.000000
1.999100,1.244700,0.000000
-0.980430,-1.776000,3.000000
-0.980500,-1.776100,3.000000
-0.980520,-1.776200,2.000000
-0.980480,-1.776100,2.000000
-0.980580,-1.776100,1.000000
-2.980200,-1.789600,3.000000
-2.980200,-1.789600,3.000000
-2.980000,-1.789500,2.000000
-2.980100,-1.789500,1.000000
-2.980200,-1.789500,0.000000
-3.000800,1.210300,3.000000
-3.000600,1.210500,3.000000
-3.000600,1.210500,1.000000
-0.980160,-1.775800,3.000000
-0.980170,-1.775800,2.000000
-0.980200,-1.775900,1.000000
-0.980160,-1.775800,1.000000
-0.980250,-1.775900,1.000000
-0.980360,-1.776000,3.000000
-0.980270,-1.775900,3.000000
-0.980370,-1.776000,2.000000
-0.980220,-1.775800,1.000000
-0.001058,1.230800,3.000000
-0.001003,1.230800,3.000000
-0.000699,1.231100,3.000000
-0.000726,1.231000,2.000000
-0.000732,1.231000,2.000000
0.019709,-1.769000,3.000000
0.019691,-1.769000,1.000000
0.019678,-1.769000,0.000000
-0.980210,-1.775900,2.000000
-0.980290,-1.776000,2.000000
-0.979940,-1.775700,1.000000
-0.980150,-1.775800,0.000000
-0.980240,-1.775900,3.000000
-0.980180,-1.775800,3.000000
-0.980320,-1.776000,3.000000
-0.980180,-1.775900,3.000000
-0.980290,-1.775900,2.000000
-0.980150,-1.775800,2.000000
-0.980620,-1.776300,2.000000
-0.980420,-1.776100,1.000000
-0.980420,-1.776000,1.000000
-0.980260,-1.776000,1.000000
-0.000951,1.230800,3.000000
-0.000823,1.230900,3.000000
-0.000739,1.230900,2.000000
-0.000852,1.230900,1.000000
-0.000827,1.231000,0.000000
-2.980200,-1.789700,2.000000
-2.980200,-1.789600,1.000000
-2.980200,-1.789600,1.000000
-2.980400,-1.789800,1.000000
-2.980300,-1.789700,1.000000
2.026600,-2.755200,3.000000
2.026600,-2.755300,2.000000
2.026400,-2.755500,1.000000
-3.000900,1.210200,3.000000
-3.000900,1.210200,3.000000
-3.001000,1.210200,2.000000
-3.001000,1.210100,0.000000
-3.000600,1.210500,3.000000
-3.000900,1.210200,3.000000
-0.001143,1.230600,2.000000
-0.000664,1.231100,2.000000
-3.000900,1.210200,1.000000
-3.000800,1.210300,0.000000
-2.000900,1.217100,3.000000
-2.000900,1.217100,3.000000
-2.000800,1.217100,2.000000
-2.000900,1.217100,0.000000
-1.000700,1.224200,3.000000
-1.000800,1.224100,3.000000
-1.000700,1.224200,3.000000
-1.000900,1.224000,2.000000
-1.000600,1.224100,2.000000
-1.000800,1.224100,1.000000
-1.000900,1.224000,0.000000
-1.000700,1.224200,3.000000
-1.000900,1.224000,2.000000
-1.000700,1.224200,1.000000
-1.000700,1.224200,0.000000
-1.000800,1.224200,3.000000
-1.000900,1.224000,3.000000
-1.000900,1.224000,2.000000
-1.001200,1.223900,2.000000
-1.001000,1.223900,1.000000
-1.000900,1.224000,0.000000
1.019800,-1.762100,3.000000
1.019700,-1.762200,3.000000
1.019700,-1.762200,3.000000
1.019600,-1.762200,1.000000
1.999200,1.244700,3.000000
1.999200,1.244800,3.000000
1.999500,1.244900,0.000000
-0.980190,-1.775800,3.000000
-0.980450,-1.776200,2.000000
-0.980360,-1.776000,2.000000
-0.980290,-1.776000,2.000000
-0.980070,-1.775700,1.000000
-0.980160,-1.775900,1.000000
2.019600,-1.755400,3.000000
2.019300,-1.755700,3.000000
2.019800,-1.755300,3.000000
2.019700,-1.755200,3.000000
2.019600,-1.755400,2.000000
2.019300,-1.755700,2.000000
-2.980300,-1.789700,3.000000
-2.980300,-1.789800,3.000000
0.999090,1.237800,3.000000
0.999090,1.237800,0.000000
1.999100,1.244700,3.000000
1.998900,1.244500,3.000000
1.998900,1.244500,2.000000
1.999300,1.244800,1.000000
1.998900,1.244500,0.000000
1.999100,1.244700,3.000000
1.999100,1.244700,3.000000
1.999200,1.244600,3.000000
1.999100,1.244700,0.000000
-0.000892,1.230900,3.000000
-0.000951,1.230800,3.000000
-0.000919,1.230900,2.000000
-0.001033,1.230800,2.000000
-0.000914,1.230900,1.000000
-0.000936,1.230900,1.000000
-1.980400,-1.782900,3.000000
-1.980400,-1.782900,3.000000
-1.980400,-1.782900,3.000000
-1.980400,-1.782900,1.000000
0.005936,0.230910,3.000000
0.005823,0.230790,3.000000
0.006092,0.230980,2.000000
0.005961,0.230940,0.000000
0.005820,0.230820,0.000000
-0.980180,-1.775700,3.000000
-0.980240,-1.775900,3.000000
-0.980450,-1.776100,2.000000
-0.980370,-1.776000,1.000000
-0.980540,-1.776100,0.000000
-2.980000,-1.789400,3.000000
-2.980100,-1.789500,3.000000
-2.980300,-1.789700,3.000000
-2.980300,-1.789800,2.000000
-0.980220,-1.775900,3.000000
-0.980440,-1.776100,3.000000
-0.980350,-1.776000,3.000000
-0.980270,-1.775900,2.000000
-0.980400,-1.776000,2.000000
-0.980360,-1.776000,1.000000
-1.000800,1.224100,3.000000
-1.000800,1.224000,3.000000
-1.000900,1.224000,3.000000
-1.001100,1.223800,2.000000
-1.001000,1.223900,2.000000
-1.000700,1.224200,1.000000
-1.000600,1.224200,1.000000
-3.000900,1.210200,3.000000
-3.000900,1.210200,3.000000
-3.000900,1.210300,3.000000
-3.000900,1.210200,2.000000
-3.000700,1.210500,0.000000
2.012800,-0.755350,3.000000
2.012900,-0.755210,2.000000
2.012900,-0.755280,1.000000
2.013000,-0.755110,1.000000
2.012800,-0.755270,0.000000
-3.000700,1.210400,3.000000
-3.000800,1.210300,3.000000
-3.000800,1.210200,2.000000
-3.000600,1.210400,2.000000
-3.000700,1.210400,0.000000
-1.000900,1.224000,3.000000
-1.001100,1.223900,3.000000
-1.000800,1.224100,3.000000
-1.000700,1.224100,3.000000
-1.000800,1.224100,3.000000
-1.000700,1.224100,3.000000
-1.000800,1.224000,2.000000
-1.001100,1.223900,3.000000
-1.001000,1.223900,3.000000
-1.001100,1.223900,3.000000
-1.001100,1.223800,3.000000
-1.001000,1.223800,3.000000
-1.001000,1.223800,2.000000
-1.000800,1.223900,2.000000
-1.001000,1.223900,0.000000
1.999000,1.244600,3.000000
1.998900,1.244400,3.000000
1.999000,1.244600,3.000000
1.998900,1.244400,2.000000
1.999000,1.244600,2.000000
1.998800,1.244300,2.000000
1.999100,1.244600,1.000000
1.999200,1.244700,1.000000
1.999100,1.244700,0.000000
1.999100,1.244600,0.000000
-0.000896,1.230900,1.000000
-0.000953,1.230900,0.000000
-0.000744,1.231100,0.000000
-2.000800,1.217200,3.000000
-2.000900,1.217100,3.000000
-2.000900,1.217100,3.000000
-2.001000,1.217000,1.000000
-0.966460,-3.775800,3.000000
-0.966450,-3.775800,3.000000
-0.966350,-3.775700,2.000000
-0.966610,-3.776000,1.000000
-0.966260,-3.775700,0.000000
-0.980230,-1.775900,3.000000
-0.980270,-1.775900,3.000000
-0.980360,-1.776000,3.000000
-0.980270,-1.775900,3.000000
2.005800,0.244550,3.000000
2.005900,0.244640,2.000000
2.006100,0.244810,1.000000
2.006100,0.244870,1.000000
2.006000,0.244680,0.000000
0.999280,1.238000,3.000000
0.999160,1.237800,3.000000
0.999170,1.237800,1.000000
0.999150,1.237700,1.000000
-1.000700,1.224200,3.000000
-1.000800,1.224000,3.000000
-1.000800,1.224000,2.000000
-1.000700,1.224000,2.000000
-1.000800,1.224100,1.000000
-0.001062,1.230800,3.000000
-0.001110,1.230700,3.000000
-0.000984,1.230800,3.000000
-0.001000,1.230900,3.000000
-1.001200,1.223700,2.000000
-1.000800,1.224000,1.000000
-1.000800,1.224000,1.000000
-1.000800,1.224100,1.000000
-1.980200,-1.782900,3.000000
-1.980300,-1.782800,1.000000
-1.980200,-1.782700,1.000000
-0.000414,1.231300,3.000000
-0.001135,1.230700,3.000000
-0.001085,1.230600,2.000000
-0.000719,1.230900,1.000000
-1.000900,1.223900,2.000000
0.999250,1.237900,2.000000
0.998760,1.237500,2.000000
0.998750,1.237500,1.000000
-0.001045,1.230800,3.000000
-0.001250,1.230700,3.000000
-0.001161,1.230500,1.000000
-0.000721,1.231100,1.000000
-2.000800,1.217200,3.000000
-2.000800,1.217200,2.000000
-2.000500,1.217400,1.000000
-2.000800,1.217200,0.000000
-2.000900,1.217100,0.000000
0.999000,1.237700,3.000000
0.999010,1.237700,3.000000
0.999170,1.237800,3.000000
0.998960,1.237700,3.000000
0.998960,1.237600,2.000000
0.999120,1.237800,1.000000
1.999000,1.244600,3.000000
1.999000,1.244500,3.000000
1.998800,1.244400,3.000000
1.999100,1.244600,1.000000
1.999100,1.244700,1.000000
-0.000833,1.231000,3.000000
-0.000395,1.231300,3.000000
-0.000741,1.231000,3.000000
-0.000474,1.231200,1.000000
-0.000724,1.231100,0.000000
-3.001000,1.210100,3.000000
-3.001100,1.210100,3.000000
-3.001000,1.210300,3.000000
-3.001000,1.210100,2.000000
-3.001000,1.210100,2.000000
-3.000900,1.210300,2.000000
-3.001000,1.210100,2.000000
-0.000858,1.230900,3.000000
-0.000960,1.230800,2.000000
-0.000678,1.231000,2.000000
-0.000699,1.231100,0.000000
-0.000914,1.230900,0.000000
1.999100,1.244700,2.000000
1.999000,1.244500,2.000000
1.999300,1.244900,1.000000
1.999100,1.244600,1.000000
1.998900,1.244500,1.000000
1.999000,1.244600,0.000000
2.019600,-1.755400,3.000000
2.019800,-1.755200,3.000000
2.019800,-1.755300,3.000000
2.019600,-1.755500,0.000000
2.019500,-1.755600,0.000000
-3.000700,1.210400,3.000000
-3.001100,1.210100,3.000000
-3.000900,1.210200,2.000000
-3.001100,1.210000,2.000000
-3.000800,1.210400,1.000000
-3.000600,1.210600,1.000000
-3.000800,1.210300,1.000000
-0.000565,1.231300,3.000000
-0.000412,1.231300,3.000000
-0.000710,1.230900,1.000000
-0.000950,1.230800,0.000000
-0.000571,1.231200,0.000000
1.999100,1.244600,3.000000
1.999100,1.244700,2.000000
1.999300,1.244800,1.000000
1.999200,1.244700,1.000000
1.999000,1.244600,0.000000
-2.001100,1.216900,3.000000
-2.001000,1.217000,3.000000
-2.000800,1.217100,3.000000
-2.001000,1.217100,3.000000
-2.000600,1.217300,2.000000
-2.001000,1.217000,2.000000
-2.000900,1.217300,1.000000
-2.000900,1.217100,1.000000
2.019700,-1.755200,3.000000
2.019600,-1.755400,3.000000
2.019400,-1.755600,2.000000
2.019500,-1.755400,1.000000
2.019700,-1.755400,1.000000
2.019800,-1.755300,1.000000
-2.000900,1.217000,3.000000
-2.001100,1.217000,3.000000
-2.001100,1.216800,2.000000
-2.000800,1.217200,2.000000
-2.000900,1.217200,2.000000
-2.001200,1.216800,2.000000
-2.000500,1.217400,1.000000
-2.001300,1.216800,1.000000
-0.987120,-0.775950,3.000000
-0.987030,-0.775930,3.000000
-0.987230,-0.776080,2.000000
-0.987490,-0.776340,1.000000
-0.000735,1.231000,3.000000
-0.000874,1.230900,3.000000
-0.000759,1.231000,2.000000
-0.000923,1.230900,1.000000
-0.000898,1.230900,0.000000
-1.001000,1.224000,3.000000
-1.000900,1.224000,3.000000
-1.000600,1.224300,2.000000
-1.000900,1.224000,0.000000
1.020000,-1.761900,3.000000
1.019800,-1.762100,3.000000
1.019800,-1.762000,3.000000
1.019900,-1.762100,2.000000
1.020000,-1.761900,2.000000
1.020100,-1.761900,1.000000
1.019800,-1.762100,1.000000
1.999000,1.244600,3.000000
1.999200,1.244700,0.000000
-0.987040,-0.775900,3.000000
-0.987180,-0.775960,3.000000
-0.987220,-0.775990,2.000000
-0.987150,-0.775930,1.000000
-0.987240,-0.775960,0.000000
-0.000687,1.231100,3.000000
-0.000831,1.230900,3.000000
-0.000777,1.230900,2.000000
-0.000889,1.230800,1.000000
-0.000791,1.231100,0.000000
1.999100,1.244700,3.000000
1.999300,1.244900,1.000000
1.999300,1.244800,1.000000
1.999400,1.244900,0.000000
0.999270,1.237800,2.000000
0.999140,1.237800,0.000000
-1.000700,1.224200,3.000000
-1.000900,1.224000,3.000000
-1.001100,1.223700,3.000000
-1.000700,1.224200,3.000000
-1.000900,1.224000,2.000000
-1.000900,1.224000,2.000000
-1.000900,1.224000,1.000000
-1.000800,1.224100,1.000000
-1.000800,1.224100,0.000000
-1.000900,1.223900,3.000000
-1.000900,1.224100,3.000000
-1.000700,1.224200,2.000000
-1.000900,1.224100,1.000000
-1.000700,1.224100,1.000000
-1.000800,1.224100,0.000000
-1.000700,1.224200,0.000000
-0.001069,1.230800,3.000000
-0.000676,1.231000,0.000000
-1.000900,1.224100,3.000000
-1.001000,1.224000,3.000000
-1.000700,1.224200,1.000000
-1.000800,1.224100,0.000000
-0.980280,-1.775900,3.000000
-0.966310,-3.775500,3.000000
-0.966330,-3.775700,3.000000
-0.966450,-3.775800,2.000000
-0.966520,-3.775900,1.000000
-0.966250,-3.775600,0.000000
-0.966360,-3.775500,0.000000
1.999100,1.244600,3.000000
1.999200,1.244700,2.000000
1.999300,1.244900,0.000000
2.019500,-1.755400,3.000000
2.019300,-1.755600,3.000000
2.019800,-1.755200,3.000000
2.019600,-1.755400,3.000000
2.019400,-1.755500,0.000000
2.019800,-1.755300,0.000000
0.999170,1.237800,3.000000
0.999030,1.237800,3.000000
0.999040,1.237700,2.000000
0.999240,1.238000,1.000000
0.999130,1.237800,0.000000
1.999100,1.244700,3.000000
1.999000,1.244500,3.000000
1.999000,1.244500,1.000000
1.999000,1.244600,1.000000
1.999200,1.244600,1.000000
1.999000,1.244600,0.000000
1.999000,1.244600,3.000000
1.999100,1.244600,1.000000
1.999100,1.244600,1.000000
1.999000,1.244500,0.000000
1.998900,1.244500,0.000000
2.019600,-1.755400,3.000000
2.019700,-1.755300,3.000000
2.019700,-1.755400,2.000000
2.019800,-1.755200,2.000000
2.019600,-1.755300,0.000000
-0.980279,-1.775980,0.000000
-0.000815,1.231034,0.000000
-2.000801,1.217199,0.000000
-0.980124,-1.775832,0.000000
1.999100,1.244700,0.000000
1.999292,1.244762,0.000000
1.999100,1.244700,0.000000
-0.980253,-1.775955,0.000000
0.999160,1.237829,0.000000
0.004213,0.468088,0.000000
-1.000900,1.224000,0.000000
-0.000746,1.231075,0.000000
-1.000765,1.224135,0.000000
2.019670,-1.755315,0.000000
0.999186,1.237866,0.000000
-0.000806,1.231057,0.000000
1.999100,1.244700,0.000000
-0.982757,-1.408143,0.000000
2.019527,-1.755520,0.000000
-0.000755,1.231100,0.000000
-0.980721,-1.749107,0.000000
0.999158,1.237839,0.000000
-0.000836,1.230989,0.000000
-0.966256,-3.775663,0.000000
0.999122,1.237800,0.000000
-2.000850,1.217150,0.000000
-3.000800,1.210358,0.000000
-0.000889,1.230899,0.000000
1.999100,1.244700,0.000000
-0.000950,1.230828,0.000000
-1.000972,1.223928,0.000000
-1.011382,-0.800442,0.000000
2.001482,0.890086,0.000000
2.011678,-0.578152,0.000000
-2.941265,1.210799,0.000000
1.999309,1.244900,0.000000
-2.000891,1.217109,0.000000
1.999389,1.244826,0.000000
-1.000902,1.223998,0.000000
2.006000,0.244821,0.000000
-1.000843,1.224057,0.000000
1.999137,1.211166,0.000000
1.999100,1.244700,0.000000
-0.000758,1.231115,0.000000
1.999100,1.244700,0.000000
2.019539,-1.755561,0.000000
1.999185,1.244700,0.000000
1.999100,1.244700,0.000000
-0.000886,1.230917,0.000000
-2.000844,1.217156,0.000000
-2.936861,1.210928,0.000000
-0.976196,-2.383888,0.000000
-0.000736,1.231057,0.000000
-0.000583,1.231190,0.000000
2.019677,-1.755262,0.000000
1.999100,1.244700,0.000000
-0.968197,-3.495546,0.000000
-0.000766,1.231100,0.000000
2.005912,0.244647,0.000000
-0.966257,-3.775674,0.000000
1.999130,1.244700,0.000000
1.999030,1.244600,0.000000
-1.000800,1.224100,0.000000
1.998900,1.244500,0.000000
-0.977623,-2.157220,0.000000
2.019681,-1.755300,0.000000
1.999113,1.244700,0.000000
0.005833,0.230830,0.000000
1.998900,1.244500,0.000000
1.999000,1.244550,0.000000
2.000332,1.042860,0.000000
0.999185,1.237865,0.000000
-0.976281,-2.372017,0.000000
1.998900,1.244500,0.000000
-0.978568,-1.995767,0.000000
2.003634,0.582720,0.000000
-0.980113,-1.775800,0.000000
-0.000738,1.231091,0.000000
2.019616,-1.755427,0.000000
0.999089,1.237800,0.000000
2.019447,-1.755453,0.000000
-0.980296,-1.775937,0.000000
-3.000843,1.210329,0.000000
-3.000859,1.210300,0.000000
1.999100,1.244700,0.000000
2.005735,0.282021,0.000000
1.999482,1.244900,0.000000
2.019600,-1.755428,0.000000
-2.000813,1.217187,0.000000
0.002283,0.753105,0.000000
-0.000911,1.230900,0.000000
1.999435,1.244857,0.000000
1.999000,1.244600,0.000000
0.005247,0.316174,0.000000
0.005607,0.282620,0.000000
-1.000947,1.223953,0.000000
1.999146,1.244700,0.000000
-1.000800,1.224100,0.000000
2.005927,0.244680,0.000000
-2.976654,1.210562,0.000000
2.019697,-1.755403,0.000000
-0.980414,-1.776003,0.000000
-0.000909,1.230900,0.000000
1.999446,1.244900,0.000000
-0.000742,1.231000,0.000000
-3.000892,1.210300,0.000000
-3.000995,1.210105,0.000000
2.019607,-1.755489,0.000000
2.019516,-1.755584,0.000000
2.019630,-1.755439,0.000000
-1.393273,-1.187710,0.000000
-0.000908,1.230900,0.000000
2.006995,0.088203,0.000000
-0.985563,-1.026238,0.000000
-1.000845,1.224055,0.000000
-2.265533,-1.784712,0.000000
2.019766,-1.755300,0.000000
-2.420318,-1.785665,0.000000
1.998900,1.244500,0.000000
-0.966286,-3.775648,0.000000
-3.000745,1.210355,0.000000
1.999061,1.244600,0.000000
-0.000689,1.231058,0.000000
-0.000693,1.231025,0.000000
-0.966256,-3.775664,0.000000
-3.000776,1.210400,0.000000
-3.000899,1.210300,0.000000
2.019688,-1.755212,0.000000
1.999105,1.244700,0.000000
1.999100,1.244700,0.000000
-0.000942,1.230814,0.000000
2.006000,0.244793,0.000000
1.999047,1.244600,0.000000
1.999190,1.244700,0.000000
2.005951,0.244722,0.000000
2.019753,-1.755300,0.000000
2.019700,-1.755283,0.000000
-0.980436,-1.776057,0.000000
-0.000928,1.230860,0.000000
2.019500,-1.755523,0.000000
-1.000900,1.224000,0.000000
0.999143,1.237805,0.000000
0.003298,0.605463,0.000000
1.999137,1.244700,0.000000
2.012850,-0.755260,0.000000
-0.980172,-1.775829,0.000000
2.019666,-1.755300,0.000000
1.999100,1.244700,0.000000
-0.000741,1.231100,0.000000
1.998964,1.244564,0.000000
-0.980528,-1.776092,0.000000
-0.000835,1.230959,0.000000
1.999206,1.244712,0.000000
0.999175,1.237858,0.000000
-0.000750,1.231100,0.000000
-0.975482,-2.489310,0.000000
0.002794,0.689129,0.000000
2.019691,-1.755364,0.000000
-0.000747,1.231100,0.000000
-3.000861,1.210339,0.000000
-0.000821,1.231000,0.000000
-1.000791,1.224109,0.000000
2.019720,-1.755300,0.000000
1.999393,1.244900,0.000000
-3.000710,1.210400,0.000000
1.999100,1.244700,0.000000
2.006000,0.244825,0.000000
2.019432,-1.755468,0.000000
-0.967267,-3.633258,0.000000
-3.000732,1.210468,0.000000
2.019716,-1.755300,0.000000
-3.000702,1.210400,0.000000
-1.000919,1.223981,0.000000
-0.262171,-1.770973,0.000000
-1.000900,1.224000,0.000000
2.019770,-1.755270,0.000000
2.012800,-0.755303,0.000000
2.019712,-1.755288,0.000000
-3.000779,1.210394,0.000000
-0.000942,1.230900,0.000000
1.999500,1.244928,0.000000
1.999100,1.244700,0.000000
-0.000808,1.231000,0.000000
-0.000746,1.231019,0.000000
0.999090,1.237800,0.000000
-2.413476,1.214335,0.000000
-3.000826,1.210374,0.000000
2.019700,-1.755222,0.000000
1.999100,1.244700,0.000000
-0.000750,1.231007,0.000000
2.019614,-1.755286,0.000000
-0.980283,-1.775929,0.000000
-3.000750,1.210375,0.000000
1.999125,1.244700,0.000000
-0.000701,1.231100,0.000000
-1.000900,1.224000,0.000000
-1.000900,1.224000,0.000000
-0.000715,1.231100,0.000000
-3.000732,1.210400,0.000000
1.999231,1.244721,0.000000
-3.000817,1.210344,0.000000
-1.000801,1.224099,0.000000
-0.000697,1.231091,0.000000
-0.000730,1.231100,0.000000
0.999207,1.237900,0.000000
0.999210,1.237900,0.000000
-3.000795,1.210305,0.000000
-0.000749,1.231043,0.000000
0.999178,1.237863,0.000000
1.998900,1.244500,0.000000
0.999133,1.237800,0.000000
-2.322983,-1.785096,0.000000
-0.000687,1.231133,0.000000
-3.000950,1.210150,0.000000
-3.000937,1.210183,0.000000
2.019579,-1.755521,0.000000
-3.000718,1.210391,0.000000
-1.000900,1.224000,0.000000
-0.000825,1.231006,0.000000
-0.000841,1.230910,0.000000
-1.000744,1.224156,0.000000
-3.000734,1.210455,0.000000
2.019465,-1.755435,0.000000
-3.000712,1.210388,0.000000
-1.000729,1.224171,0.000000
-1.218627,-1.777469,0.000000
-0.000678,1.231138,0.000000
2.006000,0.244824,0.000000
2.006000,0.244693,0.000000
-0.000800,1.230970,0.000000
-0.966251,-3.775607,0.000000
-0.966340,-3.775518,0.000000
-1.273893,-1.777856,0.000000
-0.980288,-1.775984,0.000000
-1.895267,-1.782206,0.000000
1.998900,1.244500,0.000000
1.999500,1.244937,0.000000
-1.609476,-1.780206,0.000000
1.998900,1.244500,0.000000
-1.000995,1.223905,0.000000
-0.987146,-0.789961,0.000000
2.000726,0.997962,0.000000
-0.984629,-1.152235,0.000000
-3.000717,1.210483,0.000000
-3.000933,1.210189,0.000000
-1.000856,1.224044,0.000000
2.019485,-1.755500,0.000000
-1.000900,1.224000,0.000000
-1.000911,1.223989,0.000000
2.005951,0.244732,0.000000
-1.000900,1.224000,0.000000
-0.980329,-1.775959,0.000000
-3.000983,1.210123,0.000000
1.998900,1.244500,0.000000
1.999000,1.244600,0.000000
1.999035,1.244600,0.000000
1.999075,1.244600,0.000000
1.999100,1.244700,0.000000
-1.000804,1.224096,0.000000
0.999180,1.237863,0.000000
2.019429,-1.755529,0.000000
-0.000778,1.230987,0.000000
-0.000894,1.230922,0.000000
-2.964026,1.210646,0.000000
1.999000,1.244599,0.000000
-1.000797,1.224103,0.000000
2.019504,-1.755404,0.000000
1.998900,1.244500,0.000000
-0.973605,-2.720256,0.000000
-1.000801,1.224099,0.000000
-0.054135,-1.769524,0.000000
2.019555,-1.755345,0.000000
1.999100,1.244700,0.000000
0.999147,1.237848,0.000000
1.999500,1.244963,0.000000
-0.000909,1.230900,0.000000
-0.000807,1.231055,0.000000
-0.000749,1.231037,0.000000
-0.980378,-1.775975,0.000000
-0.000904,1.230900,0.000000
1.999000,1.244595,0.000000
2.019456,-1.755500,0.000000
-0.000746,1.231100,0.000000
-0.980284,-1.775978,0.000000
-0.980328,-1.775937,0.000000
1.999338,1.244900,0.000000
1.998928,1.244500,0.000000
2.019500,-1.755562,0.000000
1.999000,1.244600,0.000000
1.998965,1.244500,0.000000
-1.000900,1.224000,0.000000
2.013344,-0.833082,0.000000
1.999103,1.244700,0.000000
0.999209,1.237899,0.000000
-1.000830,1.224070,0.000000
2.006000,0.244755,0.000000
2.019662,-1.755300,0.000000
-0.000766,1.231000,0.000000
0.999185,1.237868,0.000000
1.999016,1.244600,0.000000
2.019500,-1.755582,0.000000
-0.978006,-2.130955,0.000000
-0.000901,1.230900,0.000000
-0.706200,-1.774153,0.000000
-0.000762,1.231100,0.000000
-1.561941,-1.779956,0.000000
2.019243,-1.687932,0.000000
-1.000887,1.224013,0.000000
1.998900,1.244500,0.000000
-1.000803,1.224097,0.000000
2.019600,-1.755425,0.000000
-0.000851,1.230981,0.000000
-1.005539,-1.775974,0.000000
2.012815,-0.755343,0.000000
-3.000822,1.210338,0.000000
2.008566,-0.136221,0.000000
-3.000797,1.210303,0.000000
2.019500,-1.755568,0.000000
-0.980276,-1.775968,0.000000
2.019600,-1.755406,0.000000
0.003116,0.645743,0.000000
1.999100,1.244700,0.000000
2.019411,-1.755489,0.000000
-0.000796,1.231086,0.000000
2.000310,1.057465,0.000000
0.999060,1.237800,0.000000
-3.000800,1.210400,0.000000
2.019744,-1.755244,0.000000
0.999208,1.237900,0.000000
1.999194,1.244700,0.000000
-1.130495,-1.776852,0.000000
1.999000,1.244575,0.000000
1.999000,1.244545,0.000000
-1.109434,-1.776878,0.000000
1.999105,1.244700,0.000000
-0.000876,1.230961,0.000000
2.012823,-0.755265,0.000000
-1.308534,-1.778232,0.000000
-1.980200,-1.782716,1.000000
-1.000900,1.224045,1.000000
1.998900,1.244469,1.000000
-0.980367,-1.776000,1.000000
2.019600,-1.755300,1.000000
1.998871,1.244500,1.000000
0.998845,1.237547,1.000000
1.999000,1.244500,1.000000
-0.980405,-1.776000,1.000000
-3.000900,1.210265,1.000000
-2.000915,1.217085,1.000000
-3.000900,1.210300,1.000000
-2.000843,1.217243,1.000000
-1.000900,1.224000,1.000000
-1.000837,1.224000,1.000000
1.999000,1.244600,1.000000
1.998900,1.244500,1.000000
-0.000936,1.230900,1.000000
-1.980261,-1.782800,1.000000
-2.000522,1.217389,1.000000
1.999100,1.244600,1.000000
-2.000721,1.217279,1.000000
-2.980300,-1.789750,1.000000
2.019742,-1.755300,1.000000
-3.000900,1.210251,1.000000
-2.000900,1.217261,1.000000
-2.980200,-1.789600,1.000000
-2.000900,1.217244,1.000000
-1.980007,-1.782605,1.000000
0.999131,1.237765,1.000000
-0.980222,-1.775800,1.000000
1.999000,1.244600,1.000000
-1.000800,1.224000,1.000000
1.998900,1.244491,1.000000
-3.000900,1.210300,1.000000
-0.001013,1.230798,1.000000
1.999000,1.244600,1.000000
0.998910,1.237614,1.000000
2.019497,-1.755503,1.000000
-1.000696,1.224200,1.000000
-1.980341,-1.782856,1.000000
1.999100,1.244600,1.000000
2.019861,-1.755239,1.000000
-2.000815,1.217215,1.000000
1.999200,1.244632,1.000000
-1.000617,1.224200,1.000000
-3.000944,1.210211,1.000000
2.019600,-1.755400,1.000000
1.999300,1.244800,1.000000
1.999300,1.244843,1.000000
-2.980300,-1.789700,1.000000
2.022156,-2.140493,1.000000
2.019700,-1.755300,1.000000
1.159656,-1.761261,1.000000
1.999000,1.244600,1.000000
-2.980200,-1.789600,1.000000
-0.000916,1.230900,1.000000
-0.980414,-1.776030,1.000000
2.006100,0.244852,1.000000
-1.000800,1.224000,1.000000
-0.000897,1.230829,1.000000
1.999100,1.244700,1.000000
-1.000619,1.224200,1.000000
2.019413,-1.755500,1.000000
-0.000956,1.230865,1.000000
1.999149,1.244600,1.000000
1.999100,1.244600,1.000000
2.019500,-1.755500,1.000000
-0.980344,-1.776000,1.000000
-3.000900,1.210300,1.000000
-1.000920,1.223980,1.000000
-1.001011,1.223978,1.000000
0.999169,1.237899,1.000000
0.999109,1.237813,1.000000
2.019409,-1.755491,1.000000
-3.003468,1.632320,1.000000
-0.980220,-1.775800,1.000000
1.999100,1.244600,1.000000
-1.000700,1.224200,1.000000
-1.980300,-1.782871,1.000000
2.019782,-1.755218,1.000000
1.999300,1.244800,1.000000
-1.000996,1.223900,1.000000
0.018721,-1.591452,1.000000
-0.000901,1.230836,1.000000
-3.000800,1.210300,1.000000
-1.000700,1.224200,1.000000
1.999000,1.244500,1.000000
-2.980200,-1.789600,1.000000
-1.000662,1.224138,1.000000
-3.000809,1.210391,1.000000
-0.967238,-3.672547,1.000000
1.999000,1.244600,1.000000
1.999100,1.244600,1.000000
-0.980153,-1.775800,1.000000
-0.000891,1.230827,1.000000
2.019500,-1.755498,1.000000
-2.980148,-1.789548,1.000000
1.019665,-1.762168,1.000000
-2.000900,1.217100,1.000000
1.998900,1.244500,1.000000
-0.980228,-1.775900,1.000000
1.999300,1.244800,1.000000
1.999100,1.244600,1.000000
-0.980370,-1.776000,1.000000
-1.980284,-1.782884,1.000000
0.998945,1.237639,1.000000
1.999100,1.244600,1.000000
-1.980283,-1.782883,1.000000
2.019616,-1.755400,1.000000
-1.000800,1.224100,1.000000
0.999136,1.237745,1.000000
-1.980057,-1.782629,1.000000
1.999300,1.244800,1.000000
-1.980084,-1.782684,1.000000
1.999300,1.244900,1.000000
2.019500,-1.755400,1.000000
-0.000928,1.230811,1.000000
0.017211,-1.380633,1.000000
-0.000888,1.230900,1.000000
-0.980385,-1.776000,1.000000
-0.971411,-3.063990,1.000000
-3.002474,1.452527,1.000000
-2.980301,-1.789800,1.000000
-2.980200,-1.789600,1.000000
-0.980231,-1.775900,1.000000
-0.986856,-0.816649,1.000000
-0.980220,-1.775800,1.000000
1.999200,1.244700,1.000000
-1.000700,1.224200,1.000000
-3.000900,1.210290,1.000000
-0.980180,-1.775900,1.000000
-3.000695,1.210453,1.000000
2.019700,-1.755383,1.000000
-3.000900,1.210243,1.000000
-0.980196,-1.775800,1.000000
1.999000,1.244600,1.000000
-2.980136,-1.789536,1.000000
-0.980419,-1.776095,1.000000
1.999000,1.244500,1.000000
-1.980188,-1.782788,1.000000
1.999200,1.244700,1.000000
-2.980300,-1.789786,1.000000
-1.000900,1.223966,1.000000
2.012565,-0.755623,1.000000
-0.980249,-1.775900,1.000000
2.019500,-1.755436,1.000000
-1.000800,1.224100,1.000000
2.016876,-1.341033,1.000000
1.999106,1.244600,1.000000
1.594959,-1.758344,1.000000
1.998900,1.244561,1.000000
-1.000800,1.224100,1.000000
-2.980200,-1.789646,1.000000
1.998900,1.244455,1.000000
2.019700,-1.755300,1.000000
-0.980364,-1.776000,1.000000
1.999200,1.244700,1.000000
-1.000900,1.223909,1.000000
-0.000756,1.231061,1.000000
-0.980229,-1.775800,1.000000
-2.000500,1.217390,1.000000
-0.000936,1.230900,1.000000
1.999100,1.244691,1.000000
-2.000900,1.217237,1.000000
-3.000900,1.210300,1.000000
-1.000800,1.224100,1.000000
-0.980109,-1.775784,1.000000
-0.980369,-1.776000,1.000000
1.999119,1.244700,1.000000
2.019700,-1.755300,1.000000
-0.980142,-1.775800,1.000000
-1.980061,-1.782630,1.000000
-1.000863,1.224000,1.000000
-3.000888,1.210312,1.000000
-0.980085,-1.775800,1.000000
2.019420,-1.755500,1.000000
0.998863,1.237556,1.000000
-0.980252,-1.775900,1.000000
-2.000550,1.217300,1.000000
-3.000900,1.210300,1.000000
-0.980201,-1.775900,1.000000
1.999100,1.244659,1.000000
-0.980230,-1.775800,1.000000
-2.980178,-1.789578,1.000000
-0.000898,1.230834,1.000000
-0.000719,1.230914,1.000000
2.012843,-0.755338,1.000000
1.999100,1.244600,1.000000
1.998900,1.244575,1.000000
-1.000975,1.224000,1.000000
0.999244,1.238000,1.000000
-0.980904,-1.678366,1.000000
2.019600,-1.755349,1.000000
2.006100,0.244860,1.000000
2.019600,-1.755368,1.000000
2.019700,-1.755300,1.000000
-3.000900,1.210300,1.000000
2.019500,-1.755401,1.000000
-3.000781,1.210409,1.000000
0.999270,1.237982,1.000000
2.019632,-1.755300,1.000000
1.998900,1.244595,1.000000
1.999105,1.244600,1.000000
2.019500,-1.755457,1.000000
-3.000900,1.210300,1.000000
1.999300,1.244855,1.000000
-0.980169,-1.775800,2.000000
-0.980478,-1.776100,2.000000
-3.001010,1.210090,2.000000
2.005800,0.244473,2.000000
-3.000689,1.210400,2.000000
2.019500,-1.755400,2.000000
-1.001100,1.223757,2.000000
-3.000900,1.210100,2.000000
-1.000900,1.224000,2.000000
1.999000,1.244600,2.000000
-2.980151,-1.789600,2.000000
-0.980321,-1.776000,2.000000
-2.980200,-1.789600,2.000000
-2.980476,-1.789876,2.000000
-1.000900,1.223934,2.000000
-2.000800,1.217194,2.000000
-0.980190,-1.775832,2.000000
-2.000704,1.217248,2.000000
1.998900,1.244430,2.000000
2.005900,0.244653,2.000000
1.998900,1.244403,2.000000
-2.942466,-1.789160,2.000000
2.005875,0.244597,2.000000
1.999100,1.244550,2.000000
-0.000759,1.231000,2.000000
1.999200,1.244728,2.000000
-2.000800,1.217200,2.000000
-0.000879,1.230900,2.000000
2.019600,-1.755400,2.000000
-1.000705,1.224195,2.000000
1.999100,1.244600,2.000000
2.005909,0.244661,2.000000
-2.980452,-1.789852,2.000000
2.020042,-1.755043,2.000000
-3.000949,1.210100,2.000000
-2.980101,-1.789600,2.000000
1.998900,1.244400,2.000000
-3.000967,1.210200,2.000000
-0.980275,-1.775900,2.000000
0.998820,1.237495,2.000000
1.999000,1.244573,2.000000
1.999200,1.244800,2.000000
-0.980469,-1.776100,2.000000
0.999232,1.237900,2.000000
-0.980368,-1.776000,2.000000
2.019700,-1.755400,2.000000
-1.001200,1.223867,2.000000
2.019532,-1.755400,2.000000
-1.000681,1.224219,2.000000
-2.980304,-1.789800,2.000000
-1.000641,1.224259,2.000000
-0.980256,-1.775900,2.000000
-2.001000,1.217000,2.000000
-0.980160,-1.775800,2.000000
-3.000823,1.210300,2.000000
-3.001000,1.210100,2.000000
-2.000883,1.217100,2.000000
2.005900,0.244646,2.000000
-1.001000,1.223861,2.000000
-3.000906,1.210100,2.000000
-0.980291,-1.776000,2.000000
-3.000900,1.210100,2.000000
-0.000684,1.231000,2.000000
2.005792,0.244468,2.000000
2.005800,0.244619,2.000000
-0.000895,1.230874,2.000000
-0.000674,1.231034,2.000000
-1.000800,1.224018,2.000000
0.999188,1.237856,2.000000
-3.000747,1.210300,2.000000
-1.000724,1.224000,2.000000
1.999200,1.244800,2.000000
-0.980290,-1.775990,2.000000
-2.000810,1.217200,2.000000
1.999100,1.244663,2.000000
1.999266,1.244800,2.000000
-0.980303,-1.776000,2.000000
-1.000773,1.224127,2.000000
-1.083367,-1.776869,2.000000
-0.980367,-1.776000,2.000000
-2.001000,1.217022,2.000000
-1.000764,1.224000,2.000000
0.999257,1.237800,2.000000
2.005784,0.244456,2.000000
-1.000900,1.223900,2.000000
-1.001000,1.223900,2.000000
-0.987155,-0.785185,2.000000
-0.980294,-1.775900,2.000000
-2.000733,1.217234,2.000000
-0.000886,1.230899,2.000000
2.012884,-0.755310,2.000000
-0.000927,1.230845,2.000000
-0.980157,-1.775800,2.000000
-3.000700,1.210335,2.000000
-1.000822,1.224000,2.000000
-3.001000,1.210100,2.000000
0.999217,1.237876,2.000000
-1.001133,1.223767,2.000000
-1.980475,-1.783049,2.000000
-3.000730,1.210270,2.000000
-0.980290,-1.776000,2.000000
2.005934,0.244650,2.000000
1.998900,1.244443,2.000000
-1.000691,1.224209,2.000000
-2.000963,1.217037,2.000000
-3.001073,1.210027,2.000000
-3.001000,1.210100,2.000000
2.005800,0.244480,2.000000
-2.980461,-1.789861,2.000000
-2.980300,-1.789789,2.000000
-3.000663,1.210337,2.000000
-2.980200,-1.789600,2.000000
-1.001050,1.223800,2.000000
-2.001000,1.217000,2.000000
-3.000751,1.210249,2.000000
2.011494,-0.560057,2.000000
1.998900,1.244472,2.000000
1.999072,1.244600,2.000000
-2.001000,1.217002,2.000000
2.019700,-1.755365,2.000000
-1.000900,1.223900,2.000000
1.959794,-1.756081,2.000000
1.998900,1.244400,2.000000
-0.979314,-1.946429,2.000000
2.019537,-1.755400,2.000000
0.004165,-1.769302,2.000000
-0.000729,1.231000,2.000000
2.019500,-1.755400,2.000000
-2.980200,-1.789600,2.000000
0.998965,1.237607,2.000000
0.999088,1.237771,2.000000
2.019671,-1.755400,2.000000
-3.000939,1.210200,2.000000
-0.000897,1.230885,2.000000
-0.980477,-1.776100,2.000000
1.999100,1.244517,2.000000
1.998900,1.244456,2.000000
-0.980309,-1.776000,2.000000
0.998875,1.237539,2.000000
2.019643,-1.755400,2.000000
-3.000710,1.210290,2.000000
-3.000838,1.210300,2.000000
-3.001000,1.210101,2.000000
-0.000880,1.230900,2.000000
-0.000951,1.230852,2.000000
-2.000788,1.217112,2.000000
2.012874,-0.755254,2.000000
-0.677250,-1.773800,2.000000
-1.000870,1.224000,2.000000
-1.000900,1.224000,2.000000
2.019700,-1.755300,2.000000
2.019500,-1.755400,2.000000
2.005781,0.244443,2.000000
2.005813,0.244495,2.000000
1.998900,1.244500,2.000000
-0.000916,1.230851,2.000000
-1.000650,1.224050,2.000000
1.817896,-1.756711,2.000000
2.005735,0.244454,2.000000
2.019600,-1.755400,2.000000
-2.000900,1.217180,2.000000
-1.001100,1.223789,2.000000
-0.980573,-1.776232,2.000000
-3.000675,1.210362,2.000000
0.998808,1.237528,2.000000
-0.980163,-1.775800,2.000000
-0.980450,-1.776104,2.000000
-2.000693,1.217253,2.000000
-3.000654,1.210400,2.000000
-0.000740,1.231000,2.000000
-0.966391,-3.775741,2.000000
-1.001003,1.223800,2.000000
-1.000900,1.224000,2.000000
0.999138,1.237800,2.000000
-2.980300,-1.789736,2.000000
-0.980357,-1.776000,2.000000
2.005848,0.244556,2.000000
2.007356,0.014409,2.000000
1.998900,1.244400,2.000000
-2.000900,1.217162,2.000000
2.005891,0.244640,2.000000
-0.980516,-1.776100,2.000000
-2.000653,1.217247,2.000000
-1.000900,1.223954,2.000000
-0.000812,1.230900,2.000000
-1.000900,1.223900,2.000000
0.998964,1.237605,2.000000
-3.000900,1.210252,2.000000
-0.980200,-1.775868,2.000000
-2.000720,1.217200,2.000000
-2.980300,-1.789700,2.000000
-0.980279,-1.775900,2.000000
-0.980608,-1.776284,2.000000
-3.001095,1.210003,2.000000
-1.000800,1.223996,2.000000
-3.000800,1.210300,2.000000
-0.980234,-1.775900,2.000000
-0.980180,-1.775800,2.000000
-2.000917,1.217183,2.000000
-1.000816,1.224000,2.000000
-1.001000,1.223875,2.000000
-1.001100,1.223755,2.000000
2.019700,-1.755300,2.000000
1.998900,1.244466,2.000000
2.019628,-1.755400,2.000000
1.999300,1.244800,2.000000
-0.000731,1.231000,2.000000
2.012800,-0.755360,2.000000
-0.980504,-1.776161,2.000000
-2.980242,-1.789642,2.000000
-0.000942,1.230825,2.000000
-0.980382,-1.776000,2.000000
-3.000800,1.210224,2.000000
-1.000900,1.223900,2.000000
0.999244,1.237900,2.000000
-0.000739,1.230905,2.000000
-0.980451,-1.776100,2.000000
-0.980299,-1.776000,2.000000
-0.980521,-1.776159,2.000000
-1.000900,1.224000,2.000000
-0.980290,-1.776000,2.000000
0.999225,1.237900,2.000000
2.005747,0.244396,2.000000
-1.000635,1.224083,2.000000
-0.980290,-1.776000,2.000000
1.999100,1.244640,2.000000
0.999164,1.237838,2.000000
-1.000636,1.224264,2.000000
